transactions,success,failed,one_signer_messages,two_signer_messages,sequence,examples
590,590,0,590,0,XPlace Program 2:RepayByWorker,5SB5s2VPVNmi2nBUYcVkWu8gJB2WfB5AXgXCfBpTZdkwu87P1j4UuMxxUdxsu5TDXFwsCMmNaNsUKUmwb4WXRgqq rxCr3aUuz9VocKDjumBHghwhjaLpn5YwQFP6h7i2wtZjqnxbGUccQbYAZJhPiiQRhwxXP4fYmk66exPJWeLEWpz a5SDXkVx5vY4QppisjKmmS5gqM32hcCVMYk5q1VGAcWpu8dtB2MWzTrAXc8s8PLaVXukLud9RC75LshzqDqa4oC
390,341,49,390,0,XPlace Program 2:TopUp,btgUW1qDYQ9H4mA3esUm9ES8S8t8imR3QMx8ue5Sq2Zu94qjH86BVmdaaBwV5P5tb9THezahXZBuhVCnEgcQ5M2 5jeRgMkJTbc9TFwESkN4oZXNDnPzwVrUxXFAz1MdRkBTuLEpwJEZo8VmJ9AripZBoTh4TvDPCYaEvgouwqvhjBid 3VGug6Rgga3YsvGg3NFGyCFStXgEyXcV2YTQNDCrTVa8ND3zoZre2exx7HQmH3HTuedKdD7RXaxNPfawZTvXUUC8
186,186,0,186,0,XPlace Program 1:BorrowByWorkerKamino -> Kamino Lending:BorrowObligationLiquidityV2,4Sn7csrdBhRvrpSMxzLJDR2gdXcSnLMRDxahEhrh6RCrbGBT3RxCd4HkEWxdguP5MvbP79rbGgzgdbJNwwXoyyB1 5qDSxFmBQaTi2736ZHEDq5YFZtpop59FBVX214wxKZExAUxiapziQY26Ybzcehe4Qzo51Lxp88wjoZHxUExmVhAX 2WwW5fjmEZEZ5aksf8CQVxyywgt5EmgGTfAqw3FcEpDZaySiKHrEWkjVFmPXLt5fcVRWn3yA4kuwDgFr7WGm35u3
95,95,0,0,95,XPlace Program 1:WithdrawKamino -> Kamino Lending:WithdrawObligationCollateralAndRedeemReserveCollateralV2 -> Kamino Farms:SetStakeDelegated,2qPm4K4T3J14eocr9ca3u9oLxpNffMJ4jNEDhh6GBsWSDZ1KHr83M4iBSvSaTshahEQxv6T7wWVfAYPzEyeU2mnu 4rVb6Tnh4E69Eiq31gox6C3E9zWtTouHWa9FKQaSHc6JEcH588pAxmcg6tycqCNxHtJsprjYV7dHmZ5iZkeHHfrp CwNvYxhSmabDkPxvVRvA3J5SK9vGxz4Tqrki16WTJHk1SfJAyugAwV3o5pbeDhJyp5eZiZVLP8485F7N5PrkrrA
75,75,0,0,75,XPlace Program 2:Withdraw -> XPlace Program 1:RepayKamino -> Kamino Lending:RepayObligationLiquidityV2,2xWiDMvakg8mZb4VFXpcYU8hNhDX1sPPyNQYC124LgBTd5WCP3qXhYGiKUA9ueEqWxhqWMgt2M2ww5s2kSYKZtxc 3o65wRHBitnvrN9YJPz6z577jEVJxY7J6Ld6HEhT9VPXGqU1kS6pHVhjBjzAKLxF3CceCBZu7nvufD2HxzYjVgZq 633dPHCjDAjZSuVUL4qoQMfyCfyXZCxTvhF2YpcuvMMQ9ePk5XZ4Ug6LYutdSXSB9fkzQyGuaiosmVgDFAe3Pc6A
68,68,0,38,30,XPlace Program 1:DepositKamino -> Kamino Lending:DepositReserveLiquidityAndObligationCollateralV2 -> Kamino Farms:SetStakeDelegated,5bhGwzuhEuTdVu4CAvWYUiMfKMUsvfSietx3bqLUm21h16dJmaGvaaSFs3MKuJiTsa4BJtSV1MfAkdqM7WhEL29C LcANEtnEkT5mekJo1PGhsFGKkiedwHEvDhzh7f2LzrXQEcs6J8F3WBJFWWYNniyRkFPgDRBmtvY7b3FGHdnrUkD iwpqhP1mP7f4LX1zbYRnbUh5uEvFV9x3NGZt6TFY4Wn52MfLiuF7XqDaPm8sST56ZGjiZViuTGe9cnBo8t7YqG9
56,50,6,0,56,XPlace Program 2:Withdraw,4MvWoFd8pCXHpboDQR4RKZAaeuF8wA7gbwbj7TMEjMFpBgDXq2jKSoPmPvkLb7JbyKRqbZ21qfJ78ZsLd4Bj6gvX 4XsHP4fgjCK1uvo6cweBMig9KxLZaNheBLHWZJSWsNn7HZskgfmqo1ug86GoooHLNPt5fr6oJJL2LXokXg1LDnJH hFrB9KS45xMf1e8rdsNHwHApwu4KgN9sVitx75qrq2zo3ZVh6mSRdFpua7bfkWQ3Au1gYvb5WMGHxHY8hjHz73P
43,43,0,43,0,XPlace Program 1:CreateAccount -> XPlace Program 1:CreateAccountKamino -> Kamino Lending:InitUserMetadata -> Kamino Lending:InitObligation,c8tDfwUHPAiTJDKmmEKsXJawYUdj7JkehJ8pYQrXQnHgdC3VMSAfiHuDdGNV9xDAHaZFMwWC5D2beD1vfpr1Ety 3B5qA28BvnvqCHMp3GLzqaBrXwLAfDCwJ4kGkJWDNCUpVYhHC7KU4b4HRWxY1jcxm74YZc8cu5gn7vBu2xs8nw36 4yFaGZCVqkx3khABG8MDyCWoEopRyWQPHTwBy6ZiUXq2bFFETs8hUQT4zRAFyWUUUS795EChgC1sS67GzR9XKyNq
40,40,0,0,40,Jupiter V6:RouteV2,kNM6hzewzNnQACMHyxoroqhwkg1B8AxVmnfChTvJyFj5SaxTqj1zobEkuZ5puujLckVQNG7JNGME5Kfk9zRQM9w 2TF432CC7m9QtgU4wEbvGNAApu7dh5tFBQB8XAf8378nszCE5XPVFv1L4hB4EwEfPBLZmUYSyH8QhLL4MnjzD5M2 22cA6XWm8tYuwQHGmLvRxHyMmTs2im5oC18jLVnsNUDLs4trwJsVAJ6FA81f1fCijDYUEuj7nmZAfe1fmQR9nghn
33,0,33,33,0,XPlace Program 1:CreateAccount,4w8Tto466mHNo4xkK5zwbDhwokMt3r3bGSPRQy9k5dxvokJ741DjWb7VqPiwMvwFCsvGH7VpW4jwztD2PxmeA2JM 2shr19EtbeY7BSR3vmAMtgVBY64JEPvepy9mCoqhiAPKT1LJjvisZfZRYnSioArBHrKzUdaFYw4PTXkUEWPTwfYV JxXedjRfHCejLBQx7iUQ1y6492TXUnsxKSs6nv9vQFmwFBwJhKfhKfvBWXZPedC7sBgpUHneVTgbWbJnmcthoWs
22,22,0,0,22,XPlace Program 1:BorrowKamino -> Kamino Lending:BorrowObligationLiquidityV2,3xb2XDjmtzKQ4FPJ3Vt2n6YHxQcZb6hPDT7wswKftbjarU7WS1gpwAbVLvVcd3K6LUpxDfGRF5UiARzCoS7qAhNz PKYZM7NfZCHHBYKD5kzp8sDzqzEQjm6KdKu6TE2yNz5fQq6RioqdEn9xyK9gjTb7KSgKv5Qpsq23op11pxKEkMo 2N9zJxcG4PXxM4P5xGr786Gj2jmsRUvfesQprUfTt4zW2W6kVyFVQqtwtsYkJNNoqTnDjhQAEu4rYgEpzKBoQ16j
15,15,0,8,7,Kamino Lending:InitObligationFarmsForReserve -> Kamino Farms:InitializeUser -> XPlace Program 1:DepositKamino -> Kamino Lending:DepositReserveLiquidityAndObligationCollateralV2 -> Kamino Farms:SetStakeDelegated,2Tm9ADzXsfYnTV4uPAGvi1aRpbCCCmFjMFQDG1kifxsGVVgUJz6tgGfmP8Ah42oiSMh3WPnxz3W3LaevWdc2ZtsM 37BLzjoihXpsJ7vV7ogTBhzxc8gdVXZgebbX7RyaSr8kHkGapiWLQWrC7gK1YUtZDnpfspRToPyDvQvoMPxTodBB 5SxeKAh2B4arHZq9gdFJKuQ1GxJ8Zd1dDoxjYx2yPRW2AD8tqY8cDcmukG5BY9nvBYBijSxGdasVDobnFNh2BxLa
13,13,0,0,13,XPlace Program 1:WithdrawAndSendKamino -> Kamino Lending:WithdrawObligationCollateralAndRedeemReserveCollateralV2 -> Kamino Farms:SetStakeDelegated,shDf6DxRFTFNFSABxXo69hVmKMyV6ioq2M1nGd4HMa1CsZVjejsAQ5VHnsp8785nmMippLNoBUzBwLky1oPYqrr 5GHBkXD5FVv2vbpDfY8nPgmkA7GhVBDb9RrCsXjW67FqmiPDqZoXBPPbN17YWbQgwdsQ6LGAFH5TU911gjU55o8y 3yJN1dbHHNfY89LL58We27F3Pcnuk3YwY4AbtfNPktCjTpCoMzWqLVDxTud3oCSfW8wejWG743zqSPkzdu48dirz
12,11,1,0,12,Jupiter V6:SharedAccountsRouteV2,3fkxKixvpgvHYmLoEAzoW6FMf97e1qu2mXbEKZrSipFbKStPoEumr2rXnyfzDEJ2upNndYBrqXhbUfNXRLNB9i7g 4viz1kx6Ac78V8cT7dYKZEkyrhTnhRs4heXxxJ3ezWDDgC4WnjJdwfBhASKa46PfgXter4NJXyNs3S2mnQ5xus8W 3JzCkJrPw8AdE1mH5BSB5UtMxR3g951n1KT3U1p2JV9gLAxeR4ng1WQ66JMctxNJZfgjUUNh8n9gs7ZPuoR2xhhw
12,12,0,12,0,XPlace Program 2:CreateAccount -> XPlace Program 2:TopUp,2VBiSy7Sw3Pcws5UQVpCJGSwGnDPggobjgyeJ1QCfZJdvffehLHGK3HicZyN6CBcoZ2t8kc8UttaqSDxahTd2dNM 4U9RmZb7NCjeFmdoZwUuY46ZcZ3TZAmJYGrMNPbTVffXUVczrPnSCDhU85DQPhuGSs4x9RXzMxFMhu45TXJA2jdU 48WsxD7VS9GUJrV52A2jCFfnvF4vsq711aepzWkNUVkDv2sJEat9xLPBGYDQ8FqZkkbrtR3Yn4CmX95M8nHaHQLt
12,12,0,0,12,XPlace Program 2:Withdraw -> Jupiter V6:RouteV2,37xsxAewgGGnqLgWFkWkG6qPUYucUk8T9KZ7oSFZnEiSr1gyDQx4TXWmBM9PMEJkxmxhT1vWaFiq8GaBhH6sxpM9 2M32ePBYQ7pR3Fz2bj2bZc7pgMVCEbD5QB73Y7eoetdWfUWXFrHNpHvkPutfv3winY7vbv2VqY6P1NYts4LbufDV 5fu9VVxEHs6Y6i5ujjxYP23EmmZWzDNwNCqGM2mM29UKXc2rSpZ1ftvRrBcE3GMYJPZjAS8Z4Qb3dPhEv324Pbgj
12,12,0,0,12,XPlace Program 2:Withdraw -> XPlace Program 1:DepositKamino -> Kamino Lending:DepositReserveLiquidityAndObligationCollateralV2 -> Kamino Farms:SetStakeDelegated,2RfFKyKUtpAdkMiRRzox2SjzTPpA5sMRJ4CDrZ77YTXtWLUcJu3EiF4xw3XBhBZFEBFCrD4rRpq6AgdChe4tvb8C 5dpPpYrVMNMA2CCGYJAyd8XKFJrf7fvCnVJxmVDeGsmVx1nFwuRf1AfRiZ3kg1x7EWgxtvpVAwTGrr5eEePoz3Lm 5hYVqZmuUDqMeEGaEPSQJRaEMnM25WdUATZGJNZFiUQ4e7k666BRFZK1TFevDaAZsp9YnYeEe9BYcLSRQeBQSr8z
11,11,0,11,0,XPlace Program 1:DepositKamino -> Kamino Lending:DepositReserveLiquidityAndObligationCollateralV2,5DL9txiAuY14ig93Dn9GaHXGhUXpGJ1U5u3rZRwDwQiqoWhxeDrKX2pT9BvMgUif2Yc2XfYifcdcT593KopFDTMv PV1hoSY7J3wuJQhShzHDx9QpwXNcFwzUF4uQw3DhwpTnL4qxLbMGmrpo7ngxWGhgWwiyAuGGtqELdZTFWUYSg7z 4HyathpgfMzaCA7kJ2rDSXskd5EUNPKPjAca1S9ZeAEb5NHpgBRSRg6zkbShQSTTKeCkvyzhXMMsxDn4YG5YP7K1
11,11,0,0,11,XPlace Program 2:Withdraw -> Relay Bridge:DepositToken,4mVfVezG4QBWV5Uzy2zLCRjqpyv7atrZ66Niv8Hz521uSs4eiPm6UiYRFqV2igEVfcPNbMd4H8N6WpQjKCvX8jKp QR4xV7iRN51ZdEfJQHnj3A4e7rDhRN7HNSMT3yfgx9oJBR1e7nbrYhg87rTcF3gLXvJB9J5ivn2vXXMPJvxpkg4 31peYBJtbQ8B2v8XoRq3GndUFmS665vuFvzP2Hw7zGLoRrLFTLTtcvpwwsahqKs4roVojn6PFE6expuNsdTqtiJv
8,8,0,0,8,XPlace Program 1:WithdrawKamino -> Kamino Lending:WithdrawObligationCollateralAndRedeemReserveCollateralV2,1uz7XysPVMDHpiYcKSoAFbUVwDKpJDfpTzWuSkBsMReJQM1wzrKiqG5Ytm3oB8Z2UmQsLdLoRH4Pbvpw1enHVtQ 3p2WPbRbioMgey3uphixmJ3v7JBPNDtCiTpJfcyciCGg1cJbVdJR4F3NzFmwdj22so7aZVMzVBSuHV8ys4k7oskR 5wQKXY5q5bZqUXRWSTK6keQdZQHSYhTMpog249Kq4qi68MnboEdcMyTqZ9YgA7C7E4sFrQfwqTAupYGQ1fQ7msyn
7,7,0,0,7,Jupiter V6:SharedAccountsRouteV2 -> Meteora DLMM:Swap,243hsfRVSoongnsHY1m2P73Kbn1eKE1ckSbTVMVr97PBhGvjuTG2QgSJGZNprd5ntsZhzvb39Qbwm65Z2Ev7bpkT 4Psod6mkQsFDofW1ns1LM9UwPQvfHDU8ZFWFm13QjWx5U5UQnk1vWysKzQ9LGnjCDbErZNXdjx9uAELQ8aYA452S 1nHNCGS1ye8ZovP4feRMeMjxihwnbdMXgpyAubVbCYRDiEMTRhsXTvhdWRv6z5PbDGD8Hbc3BB4fEteG5Mx2jGh
6,6,0,0,6,XPlace Program 2:Withdraw -> Jupiter V6:SharedAccountsRouteV2 -> Meteora DLMM:Swap,5oTgA5XgmjbNtXRArXXSnBmjFnPrYdggputqML8LYFGTvHFSsPTTYxQBnpWSALp7qk4SBWuKumhAXWHbVZi1xa1k bjV2DJ5Td6ZWqoiAGDxATqfUodb4cUHb9737uJUq4hrYXT1BY2xLJZxA7LspNRirX4gGu47q8ip69Y6PPafmpEK 5fTTtFPHHo7KbXUy2zM3DKcU7NpzkiwU8ZzKKfBkC7k4LUg4E7wSXVYPCJ3j42fNY5PoTHUdQE9Qw69TYxMy78g8
5,5,0,1,4,XPlace Program 1:CreateAccountKamino -> Kamino Lending:InitObligation -> XPlace Program 1:DepositKamino -> Kamino Lending:DepositReserveLiquidityAndObligationCollateralV2 -> Kamino Farms:SetStakeDelegated,C2Hqc1juEkVQQm4k77MCxR7R1zTBbpnsfajA28KJMupF6tbthChTPZYzwmq7zd2bMfEVqRWtL5px8FsFtMBfwxp 2RLoavxKeKyJNNK5LnYDUG6CXoRainYskbU7Bzj49NLAk5pr7iAuihvyLvzQxz26AbRQTJPdNPaum4vTMcTj5V4k 3NJEJjyKoJULLwnK6roXzvdbBevepwABDhyCcbjxUoRrMELGPhkHUUgCn6fqkc67uFGGSR5BMTnXsFvMhkhwMbEN
5,5,0,0,5,XPlace Program 2:Withdraw -> Jupiter V6:SharedAccountsRouteV2,2ckMqmV1aFfigRSbBCBE6DPaHzMG1s1WzKBXa91E2q7n2BAssZeEHrNXQQpUQqFar6Q25XniGYRBtrKQujYYXabt BzSkWfrfnR5Y3HkNufJCvB9hQFbsFZSbo34c373SNcZWjSSx17rtYk5gJfBDnNGV9FNWr7PuPcW79ejCb7fH5St GbYLX29dFSeUXYywqHA6pSUErGoXxGZGXVS5oW2wmW9BEtwSrqx7annxd6MV6QbhCYnkfynHR6bbCuUBq8QZ4ST
4,4,0,0,4,Kamino Lending:InitObligationFarmsForReserve -> Kamino Farms:InitializeUser -> XPlace Program 2:Withdraw -> XPlace Program 1:DepositKamino -> Kamino Lending:DepositReserveLiquidityAndObligationCollateralV2 -> Kamino Farms:SetStakeDelegated,4cxr8PGyzAsYR4i65g3dXtSGu3b3jJJNgL5bWbVj3kmHR6zaZ43PiNAb9KD7Fshjsiw3zFqCbVw2VYZ7h3qFWzr3 2yVsvJHdio8Y5PPZzt2r59ZtEQd7XuG3h5USURkYgvGi7ASpLmsHGXSeEcsbqLV65Zx3jKBFmDvXKvHBQTSwgdgJ 4ythghSHvC5yKd5gMjhwji8iNWDYLTZYPWkMamMDsGUqKdXdy8hijz2tjw7nD96W5pWw77wv4xKJWp8JbAn23N6j
4,3,1,0,4,XPlace Program 2:UpdateRepayLimit -> XPlace Program 2:Withdraw,qJLZgKLRYE8nZssiEcujKJhd9XJESAa7CovqLb1aeQ4LaiTp9jostga5XBjHXALhraRXy5BJmnmbpRrPeKFqPv7 63UhcEDEcBtAAkEihEyaQVXNQdFXvBJPjPzYFeRJw3zXVWnhDYjGp2e9YZdaQ1dfrP3UJejNuyLMwPLWPWjGTjxj 4msfx4FEXHsvNRNuEKzUR7KA41csDQvvNATU5obU6jBWZpvcyAs3yz3ztiYJXkURXP9kYsduJwJMS1Hu3G2aZeFw
3,3,0,3,0,XPlace Program 2:ReclaimByWorker -> XPlace Program 1:RepayByWorkerKamino -> Kamino Lending:RepayObligationLiquidityV2,KBg6jVTwaEhDGuSR7A7siA9G8cuE7TG4xPxtRjzNe1M4Umy3LL8LWT6koimZkNMLY9aZPG7F6g3vkvYiW6dFu7K 2421ocUf2kQ5uRSi4QmAh4D1Jpi8M2MsnNLNaG95Gg9TnXmSHUkKDutfrHGDukPsDzTNFG48vcAj2PHbTH3wYtnu aumeEzqwQFsUnMWnSQoPk5BPvvzFLp8hqZPKpXTprv2hfjRdYYpSi8i9s9RGgiXLiNvNgY55RxH4PtEHdi7x1Be
3,3,0,0,3,XPlace Program 2:Withdraw -> Jupiter V6:SharedAccountsRouteV2 -> 1DEX:SwapExactAmountIn,ygRsVCKhtkEWDZZZYRMg8qjwN8q7RcN3zBqrHvo2kxovQHU16w1EeDr9g4x75wAyUigUnLy8gwXU4zq1dGcqaZH 9DZa4KFwbeb6WfNbYoKiyMgfmc5ppswV9dHmREzjnvKpMKXHWi7eaVLgeC7PkecmCVCjzxikW5pd2GM2c651RvC 4ZH2R6zfdzK2UcX8vhuseN4HA8SZCi9uDCv2pGstzPh8Lw2c9h2uRDx2oahBkp4JsQQvh1iPsG5jWbp4c567QhkG
2,2,0,0,2,Jupiter V6:RouteV2 -> Byreal:SwapV3Dyn,4AZo4nDYjyQRrmc6SftP2vv9uwh4Wx1rmFJQUJPCvQwoJN7Xi1DUzhcV921WsqE3W4zSzZVjsaWJ9Ddf3V3EMxPb gN4PbmFu4MJtKgFkefze4Y2jJiJGJA2grat8RyLfVK9e7C2LPRDzyyAYXaxAMczUtusF6rKsXBanWwc7pqhcvq1
2,2,0,0,2,Jupiter V6:RouteV2 -> Invariant:Swap,DH3tR6qBYh2VbjBTPhcHj7A3hA9WpEu8hjn37P28su8TbpsAr6JGfXWuYrxJCRKPCZGFmG1oKXW8SQL8YJoZp3x 3ujgb33vpBUDQvHL6j5z4DyKEoxojdNc8zDg5xVvk2WMf6kVhrm4g2GvP2QfhxW3SevxUcSoDWzxEpmYmbgGyLfj
2,2,0,0,2,Jupiter V6:SharedAccountsRouteV2 -> Raydium CLMM:Swap,5My7YUTV2QcwMQW4mN6M2m5B37sQu5vXmE34mk75xfpYPB1rJ9XdwTZnMnfRe3MnTVrwC1s1Y9y9nXWBcG1PiZ35 tzcYxnoCSmtwki7Y1NJYEh3Yr93RibvAF18NxAwmwcsMdV9wnGEsDeFTxwGsKh2Rbi6g8NtoFXnPEeYgcM9bmAx
2,2,0,0,2,Kamino Lending:InitObligationFarmsForReserve -> Kamino Farms:InitializeUser -> XPlace Program 2:UpdateRepayLimit -> XPlace Program 2:Withdraw -> XPlace Program 1:DepositKamino -> Kamino Lending:DepositReserveLiquidityAndObligationCollateralV2 -> Kamino Farms:SetStakeDelegated,4YeT5dcovi26YF3EqgZCaCsag1M6WQHsBdC9uhSAtrztRRuiugpA3JvFZBG8kEVuPtMQkTyy2pYpmzaa98sUz7W3 Gba4XLBfGsDGRWiLXSRtKwGHi5fjZqtZkhdLRF6qjqjS9DdJtLGDkCTPuGMrSRSyRihx1BndZjEgUAo9EwTgf5F
2,0,2,2,0,XPlace Program 1:DepositKamino,5ac28vxZeQHAJCQBWB3UR8FyySHD4mxpdvEUuE2zXF5Y8NDu6HMk2r9DXdvJDDrcNjMtkrVJ8uQukc7hYYQGgfPL 3gNtMzpZ6YmXEZ7dnkLjEYeHjaqwioVadwCbq3RT7FuuGMk14BDQGdp7ouRJYhCpwRwVNbPVZWGQFgV6RCsbVX6k
2,2,0,0,2,XPlace Program 1:UpdateLoanSnapshotKamino -> XPlace Program 1:BorrowSyncKamino -> Kamino Lending:BorrowObligationLiquidityV2,5u3qGGmhbNPdACGJGAi6uKzuEwJgS6K6ZGmEe5qJq25met2Tp5gSdoxte8HLd6S5htNnf4zbAhBbK2bFjdpJ2z7C w3fJAYnuHEvAQ1Ta6vcvJJnNajXcdQwyXQqZNqcQ6DqixF4RbzLYgwKzjqy1cGW3cUKFPtmFjG2kXW3Z6DEjfxX
2,2,0,0,2,XPlace Program 2:Withdraw -> Jupiter V6:SharedAccountsRouteV2 -> Whirlpool:Swap,4frh4QNdGNBikrH7qZYDXHi6CD2f8AKwjCSsuEydkWekA1QY1LYZFLYjQRthCgFfCh47FdcGfQhRmmCpgAC9zKT 2mpU8bjjKgU1MUSugZnrrGTW3hS2Pp4nCTo7MLsPtwkKaTUFhBLn3pyW4132euwXAwiRQB2DunLPKB4gkn2gb2Ww
1,1,0,1,0,Address Lookup Table:CreateLookupTable -> Address Lookup Table:ExtendLookupTable,YQxgH6fo3RGkJeSdt6WtZaPVhbxnWFPZrQazHGw2FqMg28yEfJysA2pFgHWNwzSs2qiDXcYpcfVoYuV6Vkiga2U
1,1,0,0,1,Jupiter V6:RouteV2 -> Mercurial:Exchange,4Xv9eJFC2kSDBWD753RewpVLGmMByFio31c358E5PsTC9v9djJWFFfunG9s38qv5NFyxcU231ybYb62Gcyx9suGW
1,1,0,0,1,Jupiter V6:RouteV2 -> Meteora DLMM:Swap,3pb83CFGuCKxea8gGbwT4pAyBPePqoms7KzDpxYQoXwfWNxea5HCUaZBREydoyCfPtJtEM4sgRSJ3j7M3UDYxzFA
1,1,0,0,1,Jupiter V6:RouteV2 -> Meteora DLMM:Swap -> ZeroFi:swap_v4 -> PancakeSwap:Swap,5UKg9gRnuze84Zbwuw1t5q7fVPywdTUYkMqWJgcYyVP58WSze43xQRq4ug3rQNDXgz5ksLpR77tyZodrAK667xNo
1,1,0,0,1,Jupiter V6:RouteV2 -> Whirlpool:Swap,5RFrwPWNWmErUL3e2PgUZ18NqA59UoUUvtXkw6KgugTcLpGtdEzaWJCpi5ify4R8rBNN6KSonMhisWDAPv9wyCzk
1,1,0,0,1,Jupiter V6:RouteV2 -> ZeroFi:swap_v4,2vB29GaCmaNmbz5dp3sQPGSQwFPFyk3wjXfGiA3e2JxjYBjXkK4SEk2uXbKDv9LDUnYyx5c7BgpaD8ZF9GQXw4Pr
1,1,0,0,1,Jupiter V6:SharedAccountsRouteV2 -> Byreal:SwapV3Dyn,4bAYNsttW4SUzmuP6hZFBZDB2U3hokvvEJ6S6KAHPeaCWSNdZFSc3ptDYjdZ3SDtTxpRErmuqpKK1R2QQcs2qpBL
1,1,0,0,1,Jupiter V6:SharedAccountsRouteV2 -> Byreal:SwapV3Dyn -> Meteora DLMM:Swap,2bX2nPJjbetp3mb2sNHXhujr1KFeq9AGXwnAmCe6Xb5Ma6a5moTYgWgG99CBLfLKgdD88tusdn9JyiiL1KdHFjTC
1,1,0,0,1,Jupiter V6:SharedAccountsRouteV2 -> Invariant:Swap -> Raydium CLMM:Swap -> Meteora DLMM:Swap,58upi84kErH1jRhrWisxS3vdMfRuHXS2xwo3RoesVBvyU4PaBGpv15XeFbvxVPNzFsw6DDRuEWf5ey8ezu73WeXS
1,1,0,0,1,Jupiter V6:SharedAccountsRouteV2 -> Mercurial:Exchange,4k5x6fqUUh53RYB7wfnAXNV9X1EXbaCiDTjjTSVfK8VESAKQoyX6CoPEEK1KMoWwxHPsDmDaxsfgYq6zArLTbQUU
1,1,0,0,1,Jupiter V6:SharedAccountsRouteV2 -> Meteora DLMM:Swap -> Raydium CLMM:Swap,2by8T2dKN8iaYf2nctPer1eqqZKtP8zpQExkoMBdKLrYrHCFYf5KAL3nNFCjAaK1KC6jQBNz1Fc5J3xeQqMGZ725
1,1,0,0,1,Jupiter V6:SharedAccountsRouteV2 -> Meteora DLMM:Swap -> Saber:Swap,456JoTrYWmVhfnndr5HgQWAcURxHSinUCQruQgbCkmocKgnJuHTrh9X3YHsZ1UhqXwPBX6J6eY7yEDtftjTa1XLw
1,1,0,0,1,Jupiter V6:SharedAccountsRouteV2 -> PancakeSwap:Swap,5BznpTnRhRW7FsDUTTRqthYXzN48VEtZnf3S9zLvP8BGbs5tqDFUVWjSer2w7FHMZgikuDmYACXKgsFzxU88FCFG
1,1,0,0,1,Jupiter V6:SharedAccountsRouteV2 -> Perps:AddLiquidity2 -> Whirlpool:SwapV2,2nfP9aHc3VUSNKUTg9TkJ5gPELPs69SbVapE9QTG1VcgtBiH8mD6smTxitnbyubTFNxat12iKhSw1JoLMa5g6qBB
1,1,0,0,1,Jupiter V6:SharedAccountsRouteV2 -> Perps:Swap2 -> Orca V2:Swap,5m8CbXZD6H93ycuexrbRmw6DGQQWjxMGCCmM6GqYYdCJ9m5dHXV2rEZi7uotezcFjoncf5B3kMdt6i6pLwysAJmj
1,1,0,0,1,Jupiter V6:SharedAccountsRouteV2 -> Token-2022:TransferChecked -> Whirlpool:SwapV2 -> Token-2022:TransferChecked,51hy9zVE39zYNe6TjNVwSBsAB9Jf1HzXqRGP66Ah34RDWmfhxdZpAbKKEGbY5kfQ7X4GRQTyv6qE4N31KepriJRW
1,1,0,0,1,Jupiter V6:SharedAccountsRouteV2 -> Whirlpool:Swap -> Raydium CLMM:Swap -> Whirlpool:SwapV2,2LCHg6jofCAur5FYYME9QZtg2Ji2g9sRn4iMchPf1ELAh3gupj2eRdEv2RHfok7nKaRzDGLYAxHhQpSF3x8ZQrif
1,1,0,0,1,Jupiter V6:SharedAccountsRouteV2 -> ZeroFi:swap_v4,2EN43RfpVLafTE8mhu9ii5Rb1wmsFsrDJMEebpQ5Z13CASjwbJB9hkYn9yGiyN8xXEJi1hffntjino1Z3xQeSpmb
1,1,0,0,1,XPlace Program 1:CreateAccountKamino -> Kamino Lending:InitObligation -> Kamino Lending:InitObligationFarmsForReserve -> Kamino Farms:InitializeUser -> XPlace Program 2:Withdraw -> XPlace Program 1:DepositKamino -> Kamino Lending:DepositReserveLiquidityAndObligationCollateralV2 -> Kamino Farms:SetStakeDelegated,4xRtSkxC67yXYd8Jyo8fSKtKAtod6HmqTnJp8KY41SbyQvzQb1fka2deHroa3vMegvwfVTHP9v8Fv2qNHkryz3qY
1,1,0,1,0,XPlace Program 1:CreateAccountKamino -> Kamino Lending:InitUserMetadata -> Kamino Lending:InitObligation,5mqYMGc6MWCeZAPMVNDwDitymFeLdppR5BfmPJ4mEPqdj8wA7Eb43mSFxGVkB7A61S5ZXJC2df7VqWzDXJm8PYTg
1,1,0,1,0,XPlace Program 1:UpdateLoanSnapshotKamino -> XPlace Program 1:UpdateTargetBorrowApyKamino,2K33DnFx985kxLNFxmcSp7Eu6QcY88aHnYr6rRmmN3CN7fnaztPrfqqCJqxGWXfqEYYnLv1kRxAzeCNnKYNk4mNC
1,1,0,1,0,XPlace Program 1:UpdateTargetBorrowApyKamino,5KVug6DSRDWHa2D8wxADLAdwit99oeWhe4yfmad3GoB7m8kTK9pWmDMKvMeFgHMYrKaS6LuztzhPPGG6rcVAughF
1,1,0,1,0,XPlace Program 2:CreateAccount -> XPlace Program 2:RepayByWorker,5k2VKCRXJvzD1qYq7JszUfs3zHtLj7YE4zpijaa69Kjb6we7QgDBhVRwsWSx1Vq99BcTfEE549Q8FWrrV7AthgzC
1,1,0,0,1,XPlace Program 2:UpdateRepayLimit -> XPlace Program 2:Withdraw -> Jupiter V6:RouteV2 -> Invariant:Swap,3nLysiWpckcmLiqjiRsGx7YpTWVLxFci3EdN8A5NjseHsCmdY4aPWJ8nntzFRiWZZp99Rr5HrAMgxwsyjYcGRhTv
1,1,0,0,1,XPlace Program 2:UpdateRepayLimit -> XPlace Program 2:Withdraw -> Jupiter V6:RouteV2 -> ZeroFi:swap_v4,anHvGecS1x19CGMYBpo1DLXvHnqgzwj8cnHpMdT5JvmyMe3GAwz2xmC6XMJ3YfoPcizWwwWvii1xcs3tUPqyfTF
1,1,0,0,1,XPlace Program 2:UpdateRepayLimit -> XPlace Program 2:Withdraw -> Jupiter V6:SharedAccountsRouteV2 -> Meteora DLMM:Swap,4f5J51gRaTenLKVTS4jpsAb6oWJquegeHcnNnMMpgGsZSMRWzifXyjD7mzeTCgzvjLYQMcZ2gERXe7iKXepXFhCu
1,1,0,0,1,XPlace Program 2:Withdraw -> Jupiter V6:RouteV2 -> Meteora DLMM:Swap -> Invariant:Swap,3ybqnm5XtohoxmAAi61F3LW1MCTxQhz1HbRxLtyHK96ayCvE2j6o9jirhxnXVTH9yinMaNcXThTs4NbvafwDVopE
1,1,0,0,1,XPlace Program 2:Withdraw -> Jupiter V6:RouteV2 -> Meteora DLMM:Swap -> Meteora DLMM:Swap,4GaSnWBBhcWHZywe7PmPToNfpkEtDq3J8utDsQZ54cfLQKLYTFyjS6e4RcTDPRNSXqoFkmBLv8k6naaMC5bmZcaY
1,0,1,0,1,XPlace Program 2:Withdraw -> Jupiter V6:RouteV2 -> Raydium CLMM:Swap,x6oQuC1vyeH753C79Diti13exHdQ9R9QMvwzaA8dqCJXZFXqFD8wNKygcxLZFJgNgpBduQN1foELsQKDHUsCCfg
1,1,0,0,1,XPlace Program 2:Withdraw -> Jupiter V6:RouteV2 -> Whirlpool:Swap,2bi2hZrwsTz6exWLMXSnRjn7HnHYWmGuQ2mEthgWXR1QP9vGSzPNuovCg1Y6UtUZ63hfRGsSkzzWsUttKBVgxQbJ
1,1,0,0,1,XPlace Program 2:Withdraw -> Jupiter V6:SharedAccountsRouteV2 -> 1DEX:SwapExactAmountIn -> DexLab:Swap -> Raydium CLMM:Swap,2wM26QPrXtV6y7hjq6vWfc4sWXqfrcUC9SZadyt3Fvm1jh2Pza5uLMxTxG4j7a4J5hJhKUxA24AfSm9e1XbiMcp4
1,1,0,0,1,XPlace Program 2:Withdraw -> Jupiter V6:SharedAccountsRouteV2 -> 1DEX:SwapExactAmountIn -> Mercurial:Exchange,5aPdZH3hYMLcQ7LCiki6gaGJsK5CJdrDryA3Z66iLSTspYqpF37jHUjuXtDkTSnwy2tXGUwr62JeraWhax4XBaX5
1,1,0,0,1,XPlace Program 2:Withdraw -> Jupiter V6:SharedAccountsRouteV2 -> 1DEX:SwapExactAmountIn -> Meteora DLMM:Swap,2Sub63zTZ18tBbjfWunb8Pxtyk5BQnzG3ZdswpTxaCuRMR5Rpq2Bee5HvC6Aji8YneUtiJUdUBdRgYgb7zVJXvTn
1,1,0,0,1,XPlace Program 2:Withdraw -> Jupiter V6:SharedAccountsRouteV2 -> Invariant:Swap,5fjarvn3UEtzuohMzjFBPGTciwJrQhdTQWBaiqGQ62e8Z8RQeHvd9Z7HhMCZdb5WVj7YB6T6zVADMNwPoHZ6m4G7
1,1,0,0,1,XPlace Program 2:Withdraw -> Jupiter V6:SharedAccountsRouteV2 -> Meteora DLMM:Swap -> Meteora DLMM:Swap,5xTsWaBKLT11EXGQGbVsT2GChe4FBEVQXGp47oVAMenebLpqi7X8xsKnkZDqeVy1hKEBEVBaZbg6dG9TmfSVh5QX
1,1,0,0,1,XPlace Program 2:Withdraw -> Jupiter V6:SharedAccountsRouteV2 -> Meteora DLMM:Swap -> Raydium CLMM:Swap,23mBTTP1gsZaZmCp4zH9FDqw9zMpUQZWnFkscxe8Z5Y3PtpoF3mA882MYnPKMMKpdepWTSWtAhrg3tPyW3iHd9am
1,1,0,0,1,XPlace Program 2:Withdraw -> Jupiter V6:SharedAccountsRouteV2 -> Meteora DLMM:Swap -> Whirlpool:SwapV2,5PDgQyf6MoiVMxYcMdzSNFq6mkuyZT7JN1y7867ZPSRZfXbwRhy9QW3PjGipgX9psW8e83bAUySth7BovkmgGiju
1,1,0,0,1,XPlace Program 2:Withdraw -> Jupiter V6:SharedAccountsRouteV2 -> PancakeSwap:Swap,2TaesXXL9pFouLyxeHtVHVSUeKBuVqHtDYCnfskwePjoofaA1abeVidRtMDgVhCYgJRKjZvJebczZVoLyc2yb3og
1,1,0,0,1,XPlace Program 2:Withdraw -> Jupiter V6:SharedAccountsRouteV2 -> Whirlpool:SwapV2 -> Whirlpool:Swap,3StLdGQQ6DofZDH53eaXY282w9Y4tC75ZaN1p32NbQHtEqket4Gv9DYcpSkZCdiutwvtAqyyRRimF2QainPoSQxE
1,1,0,0,1,XPlace Program 2:Withdraw -> Jupiter V6:SharedAccountsRouteV2 -> ZeroFi:swap_v4 -> Meteora:Swap -> Meteora Vault:Deposit -> Meteora Vault:Withdraw -> Meteora DLMM:Swap,5WMtEKf3vmuGtMyuYJaypYHRcCinXSxfbLg9qMDkgLewMJgtNngegpfRVqCFt1TMSkVKYXSaVGGJDvkpV7ZAq9ne
